{
  "baseline": {
    "precision": 1.0,
    "recall": 0.7272727272727273,
    "f1_score": 0.8421052631578947,
    "roc_auc": 1.0,
    "confusion_matrix": [
      [
        212,
        0
      ],
      [
        3,
        8
      ]
    ],
    "anomalies_detected": 8,
    "latency_ms": 6.939890384674072
  },
  "noise_robustness": {
    "noise_sigma_0.01": {
      "anomalies_detected": 8,
      "ratio": 0.03587443946188341
    },
    "noise_sigma_0.05": {
      "anomalies_detected": 12,
      "ratio": 0.053811659192825115
    },
    "noise_sigma_0.1": {
      "anomalies_detected": 29,
      "ratio": 0.13004484304932734
    }
  },
  "missing_data_robustness": {
    "missing_cpu_usage": {
      "anomalies_detected": 3,
      "ratio": 0.013452914798206279
    },
    "missing_memory_usage": {
      "anomalies_detected": 5,
      "ratio": 0.02242152466367713
    },
    "missing_network_load": {
      "anomalies_detected": 4,
      "ratio": 0.017937219730941704
    }
  },
  "outlier_robustness": {
    "magnitude_2x": {
      "total_anomalies": 30,
      "outliers_detected": 22,
      "ratio": 0.13452914798206278
    },
    "magnitude_5x": {
      "total_anomalies": 29,
      "outliers_detected": 22,
      "ratio": 0.13004484304932734
    },
    "magnitude_10x": {
      "total_anomalies": 28,
      "outliers_detected": 22,
      "ratio": 0.12556053811659193
    }
  },
  "distribution_shift": {
    "shift_0.1": {
      "anomalies_detected": 24,
      "ratio": 0.10762331838565023
    },
    "shift_0.5": {
      "anomalies_detected": 133,
      "ratio": 0.5964125560538116
    },
    "shift_1.0": {
      "anomalies_detected": 223,
      "ratio": 1.0
    }
  }
}